code,date,open,close,high,low,volume,money,time_interval,SMA_5,SMA_15,upperband,lowerband,SMA5_volume,ATR_5,ATR_15,MACD
000001.XSHE,2020-01-02,1976.78,2002.9,2012.4,1966.1,1288880.971091917,2571196426.0,2.0,1970.6080000000002,1946.15,2015.906904829833,1876.3930951701673,779317.222974557,46.302,42.66200000000002,-28.393351822061504
000001.XSHE,2020-01-03,2011.21,2039.71,2055.14,2010.03,940145.7697417772,1914495414.0,1.0,1987.468,1958.656,2023.2357897621573,1894.0762102378426,904675.4583943173,52.47599999999998,45.03666666666666,-38.86624725942556
000001.XSHE,2020-01-06,2019.52,2026.65,2058.7,2007.65,726116.6042483904,1477930122.0,3.0,1997.916,1966.1753333333331,2034.555194974796,1897.7954716918703,874271.4044839407,51.04999999999991,44.32399999999998,-40.63517596207885
000001.XSHE,2020-01-07,2033.77,2036.14,2051.58,2012.4,613692.7888062705,1247047080.0,1.0,2011.688,1974.2486666666668,2045.2976855065203,1903.1996478268134,832433.9002713017,46.537999999999876,44.87799999999996,-41.95100204020673
000001.XSHE,2020-01-08,2018.34,1977.97,2024.27,1974.41,714104.9237349404,1423608763.0,1.0,2016.6740000000002,1975.5153333333333,2046.0727360498868,1904.9579306167798,856588.2115246594,52.7119999999999,43.927333333333294,-28.851858834105997
000001.XSHE,2020-01-09,1995.78,1993.4,2008.84,1962.53,868925.0351158823,1725326772.0,1.0,2014.7740000000001,1978.1273333333334,2048.2053443401924,1908.0493223264746,772597.0243294524,50.10199999999986,45.03599999999995,-23.223114512459688
000001.XSHE,2020-01-10,1993.4,1981.53,1993.4,1962.53,493196.1413655105,975154789.0,1.0,2003.1380000000001,1979.2353333333333,2048.942295423359,1909.5283712433074,683207.098654199,45.82799999999993,44.71933333333329,-16.499133886813297
000001.XSHE,2020-01-13,1988.65,2017.15,2021.9,1976.78,734582.1887316261,1468271639.0,3.0,2001.238,1982.4013333333335,2054.516704338751,1910.285962327916,684900.2155508462,44.64200000000001,45.82799999999996,-19.310181276568983
000001.XSHE,2020-01-14,2017.15,1989.84,2048.02,1989.84,1098745.0830217504,2217608765.0,1.0,1991.9779999999998,1986.5173333333335,2052.1021109516887,1920.9325557149782,781910.6743939422,48.44200000000005,45.749333333333304,-14.455784700736103
000001.XSHE,2020-01-15,1993.4,1961.35,2000.53,1953.04,723887.3898080403,1424889183.0,1.0,1988.654,1987.4673333333333,2050.9853885693324,1923.9492780973342,783867.1676085623,45.59400000000005,46.77866666666664,-5.086312335636194
000001.XSHE,2020-01-16,1961.35,1938.79,1966.1,1923.36,865946.7673136338,1678888407.0,1.0,1977.732,1987.7046666666668,2050.4075956786173,1925.001737654716,783271.5140481126,44.88000000000007,47.09466666666664,5.291142891323489
000001.XSHE,2020-01-17,1944.73,1945.91,1964.91,1941.16,509947.1419541501,995908958.0,1.0,1970.6080000000002,1987.0713333333333,2051.344483855976,1922.7981828106906,786621.7141658405,43.930000000000064,47.411333333333324,9.640860819911268
000001.XSHE,2020-01-20,1950.66,1953.04,1970.85,1941.16,628396.5023757834,1226464551.0,3.0,1957.786,1985.6466666666668,2052.0351547680834,1919.25817856525,765384.5768946719,40.84400000000001,45.51199999999997,10.291077077424688
000001.XSHE,2020-01-21,1939.98,1899.61,1939.98,1891.3,755184.0640973672,1442171383.0,1.0,1939.7399999999998,1981.1353333333332,2060.7517375535895,1901.5189291130769,696672.3731097953,41.556,45.51199999999997,21.372825016081606
000001.XSHE,2020-01-22,1890.11,1910.3,1918.61,1865.18,605989.0038213892,1150933314.0,1.0,1929.53,1978.286,2064.958153313569,1891.6138466864313,673092.695912465,42.74399999999996,47.01666666666664,24.71956027129454
000001.XSHE,2020-01-23,1890.11,1845.0,1890.11,1828.37,927004.377235772,1723394247.0,1.0,1910.7720000000002,1967.7593333333332,2077.028811091462,1858.4898555752043,685304.2178968927,50.58199999999997,48.521333333333295,39.24600749219803
000001.XSHE,2020-02-03,1660.97,1660.97,1744.08,1660.97,1902873.985081007,3201454094.0,11.0,1853.784,1942.5099999999998,2128.573913596556,1756.4460864034436,963889.586522264,82.16399999999994,57.30733333333331,84.42410139221715
000001.XSHE,2020-02-04,1668.1,1733.39,1739.33,1668.1,1437079.8723887878,2442932777.0,1.0,1809.854,1922.9593333333335,2131.414491987498,1714.5041746791692,1125626.2605248648,91.89799999999995,59.12799999999999,92.1728186092189
000001.XSHE,2020-02-05,1732.21,1736.96,1767.82,1701.34,1256154.6627441044,2177631991.0,1.0,1777.3239999999998,1903.014,2122.041773816166,1683.986226183834,1225820.3802542123,92.84599999999996,60.948,92.10861954375241
000001.XSHE,2020-02-06,1758.33,1753.58,1764.26,1723.9,998782.9474560613,1740107580.0,1.0,1745.98,1888.0546666666667,2115.626616716605,1660.482716616728,1304379.1689811468,90.23199999999997,59.523333333333326,84.77081094124082
000001.XSHE,2020-02-07,1733.39,1735.77,1744.08,1712.02,778986.2331990988,1345053206.0,1.0,1724.134,1870.8793333333333,2103.2150343556495,1638.5436323110168,1274775.5401738123,82.15799999999994,59.20666666666666,80.6687221338907
000001.XSHE,2020-02-10,1722.71,1721.52,1725.08,1697.78,1128203.1286305126,1931983402.0,3.0,1736.244,1853.5453333333332,2089.273506068285,1617.8171605983816,1119841.3688837131,52.94999999999995,59.68133333333332,77.88339024069091
000001.XSHE,2020-02-11,1733.39,1755.95,1772.57,1729.83,1185513.7407101567,2077194080.0,1.0,1740.7559999999999,1836.132,2058.2627204842756,1614.0012795157245,1069528.142547987,47.487999999999964,60.07666666666664,65.8405553762957
000001.XSHE,2020-02-12,1755.95,1753.58,1759.51,1733.39,901661.6778247932,1573229015.0,1.0,1744.08,1820.3813333333333,2028.8893875617034,1611.873279104963,998629.5455641247,39.41599999999994,57.939333333333295,56.56596189805282
000001.XSHE,2020-02-13,1746.45,1739.33,1765.45,1734.58,853409.0569357169,1491327626.0,1.0,1741.23,1805.5800000000002,2002.3943374568448,1608.7656625431555,969554.767460056,37.51799999999999,56.831333333333305,51.76761728999236
000001.XSHE,2020-02-14,1751.2,1784.45,1796.32,1745.27,1273892.4150298408,2253906394.0,1.0,1750.966,1795.2906666666668,1977.8824119763685,1612.698921356965,1068536.0038262042,40.604,57.78133333333331,37.41159888154061
000001.XSHE,2020-02-17,1785.63,1824.81,1824.81,1773.76,1300222.6067371394,2337993528.0,3.0,1771.6239999999998,1787.2173333333333,1951.0086953010596,1623.425971365607,1102939.8994475298,43.21599999999999,59.44333333333329,19.070104856546095
000001.XSHE,2020-02-18,1820.06,1804.63,1820.06,1782.07,820056.1001424114,1478274136.0,1.0,1781.36,1777.3233333333333,1913.845766375723,1640.8009002909434,1029848.3713339806,41.553999999999995,60.313333333333304,11.780478972943229
000001.XSHE,2020-02-19,1792.76,1809.38,1824.81,1792.76,736243.9973913715,1333730137.0,1.0,1792.52,1771.308,1891.7419167226033,1650.8740832773967,996764.8352472961,42.74000000000001,58.33399999999997,6.047760583635409
000001.XSHE,2020-02-20,1812.94,1850.93,1854.49,1792.76,1040586.3641520748,1897922980.0,1.0,1814.8400000000001,1767.35,1870.930264805352,1663.7697351946479,1034200.296690568,48.91199999999999,58.887333333333316,-6.20456516777881
000001.XSHE,2020-02-21,1839.06,1849.75,1866.37,1834.31,838121.0358156505,1546692868.0,1.0,1827.9,1767.6666666666667,1872.288137739902,1663.0451955934316,947046.0208477298,43.92599999999997,55.56266666666664,-12.847398307446156
000001.XSHE,2020-02-24,1835.5,1808.19,1835.5,1799.88,1003822.7520338016,1820183788.0,3.0,1824.5760000000002,1777.4813333333334,1865.5118951908878,1689.450771475779,887766.0499070622,43.68999999999996,46.618666666666634,-7.528742709441985
000001.XSHE,2020-02-25,1780.88,1785.63,1795.13,1755.95,964050.6667114686,1710369708.0,1.0,1820.7760000000003,1780.964,1865.5862698821325,1696.3417301178674,916564.9632208736,45.58999999999996,44.87733333333331,0.5875040022872327
000001.XSHE,2020-02-26,1753.58,1779.7,1811.75,1748.83,991057.4023711864,1769612142.0,1.0,1814.8400000000001,1783.8133333333333,1864.8895146750624,1702.7371519916042,967527.6442168367,51.76399999999999,44.63999999999998,6.532918584034178
000001.XSHE,2020-02-27,1776.14,1793.94,1798.69,1769.01,821453.9025831411,1464605692.0,1.0,1803.4419999999998,1786.5040000000001,1865.9424123708718,1707.0655876291285,923701.15190305,45.354,43.92799999999999,6.762205482384843
000001.XSHE,2020-02-28,1763.08,1721.52,1784.45,1716.77,1095505.0188205773,1906892360.0,1.0,1777.7959999999998,1785.554,1867.8809765890278,1703.2270234109724,975177.9485040351,54.37600000000002,46.302,21.701697611323425
000001.XSHE,2020-03-02,1727.46,1755.95,1774.95,1717.96,940471.1643270024,1647432232.0,3.0,1767.348,1787.8493333333333,1864.2300977280977,1711.468568938569,962507.6309626754,55.80000000000005,47.568666666666665,22.339247286065756
000001.XSHE,2020-03-03,1776.14,1747.64,1778.51,1736.96,971645.1626193044,1705816182.0,1.0,1759.75,1787.2953333333332,1864.7802505262014,1709.8104161404651,964026.5301442426,53.662000000000035,46.93533333333333,23.51159929274604
000001.XSHE,2020-03-04,1742.89,1744.08,1753.58,1722.71,726543.8431723316,1261123022.0,1.0,1752.6260000000002,1786.662,1865.4719305563099,1707.8520694436902,911123.8183044717,47.251999999999995,47.251999999999995,23.957487992778397
000001.XSHE,2020-03-05,1757.14,1827.19,1855.68,1748.83,2262862.066342307,4089493454.0,1.0,1759.2759999999998,1792.5193333333334,1869.2863152486452,1715.7523514180216,1199405.4510563049,63.63600000000001,52.634,5.904777734765048
000001.XSHE,2020-03-06,1802.26,1784.45,1812.94,1784.45,1034765.9530947912,1858691215.0,1.0,1771.8620000000003,1792.5193333333334,1869.2863152486452,1715.7523514180216,1187257.6379111477,56.75,51.684,4.032164345308729
000001.XSHE,2020-03-09,1746.45,1715.59,1748.83,1712.02,1403052.9788585852,2420392065.0,3.0,1763.7899999999997,1785.2380000000003,1869.2554492760985,1701.220550723902,1279774.0008174642,59.83800000000001,53.10933333333334,17.11763302040481
000001.XSHE,2020-03-10,1707.27,1752.39,1763.08,1707.27,983665.6155307892,1709084526.0,1.0,1764.7400000000002,1781.7553333333335,1866.6540430212383,1696.8566236454287,1282178.0913997611,62.69000000000001,53.98066666666667,16.370921705027285
000001.XSHE,2020-03-11,1753.58,1744.08,1766.64,1736.96,685935.9421586163,1201250648.0,1.0,1764.7400000000002,1777.4019999999998,1862.9244348845127,1691.879565115487,1274056.511197018,62.45200000000004,53.82266666666668,16.984468366680858
000001.XSHE,2020-03-12,1739.33,1742.89,1761.89,1726.27,830904.2222974487,1447436582.0,1.0,1747.8799999999999,1770.1993333333332,1846.928614935875,1693.4700517307915,987664.9423880463,47.25600000000004,52.082000000000015,16.882601070700275
000001.XSHE,2020-03-13,1650.29,1723.9,1728.65,1650.29,985266.1012819768,1669009783.0,1.0,1735.77,1761.8093333333334,1828.0670067290484,1695.5516599376183,977764.9720254835,57.228000000000065,56.11800000000003,20.07598677009878
000001.XSHE,2020-03-16,1715.59,1632.48,1716.77,1632.48,1184412.1367489956,1975824130.0,3.0,1719.148,1750.0953333333334,1839.3492580543143,1660.8414086123526,934036.8036035656,61.02600000000007,58.88800000000004,40.14812897932711
000001.XSHE,2020-03-17,1632.48,1592.11,1655.04,1560.05,992076.8722010416,1582506016.0,1.0,1687.092,1737.194,1855.6144467866327,1618.7735532133672,935719.054937616,68.86200000000008,61.73800000000004,58.5944565605721
000001.XSHE,2020-03-18,1592.11,1509.0,1607.55,1505.44,1166373.7057654078,1816836842.0,1.0,1640.0760000000002,1719.1473333333333,1883.4314223754045,1554.8632442912622,1031806.6076589745,83.34800000000004,64.3506666666667,84.22796195960768
000001.XSHE,2020-03-19,1505.44,1452.01,1507.82,1415.21,1593136.884732198,2313863608.0,1.0,1581.9,1696.3519999999999,1905.0461851746609,1487.6578148253388,1184253.1401459244,94.98200000000001,68.62466666666668,107.54425836072824
000001.XSHE,2020-03-20,1472.2,1486.45,1501.88,1455.58,1329406.7772208955,1967487769.0,1.0,1534.4099999999999,1680.6806666666666,1915.0052165013753,1446.356116831958,1253081.275333708,86.436,66.80466666666669,109.48942049635139
000001.XSHE,2020-03-23,1424.71,1442.52,1466.26,1422.33,902170.26453706,1300469448.0,3.0,1496.4180000000001,1659.7853333333333,1919.8313663864578,1399.7393002802087,1196632.9008913208,80.97600000000003,67.28000000000003,115.21412255478367
000001.XSHE,2020-03-24,1472.2,1497.13,1505.44,1456.76,994059.2887725182,1472909312.0,1.0,1477.422,1643.0846666666666,1911.0070533883927,1375.1622799449406,1197029.3842056163,74.56200000000004,68.70466666666671,102.37586031575324
000001.XSHE,2020-03-25,1529.19,1528.0,1549.37,1507.82,957632.442408377,1467534929.0,1.0,1481.2220000000002,1628.6793333333335,1896.5653097664472,1360.7933569002198,1155281.13153421,64.58800000000001,70.12933333333336,84.18996316316247
000001.XSHE,2020-03-26,1517.31,1550.56,1582.61,1512.56,905607.939067176,1408651018.0,1.0,1500.932,1610.2373333333333,1856.7934250640428,1363.6812416026237,1017775.3424012058,59.84000000000001,67.35933333333335,65.37360802568605
000001.XSHE,2020-03-27,1573.11,1561.24,1583.8,1552.93,550023.4877405139,861618628.0,1.0,1515.8899999999999,1595.3566666666666,1823.0744394427345,1367.6388938905986,861898.6845051292,56.51399999999999,66.72600000000003,49.44850052775428
000001.XSHE,2020-03-30,1525.62,1536.31,1547.0,1516.13,557368.1522609367,852956212.0,3.0,1534.648,1583.4046666666666,1802.742334575776,1364.066998757557,792938.2620499047,52.71199999999995,64.90466666666667,43.29225029863778
000001.XSHE,2020-03-31,1549.37,1519.69,1554.12,1517.31,432401.4502957839,662915439.0,1.0,1539.16,1567.8913333333333,1768.0877420162078,1367.6949246504587,680606.6943545578,47.48999999999992,63.63800000000001,41.35976056921004
000001.XSHE,2020-04-01,1526.81,1530.37,1557.68,1523.25,438689.7312414646,676070090.0,1.0,1539.634,1553.644,1728.97691905074,1378.31108094926,576818.1521211753,44.639999999999965,64.19200000000001,36.28415153665992
000001.XSHE,2020-04-02,1513.75,1539.87,1539.87,1504.25,436607.89871872304,663197597.0,1.0,1537.496,1540.1093333333336,1680.7442002692785,1399.4744663973886,483018.14405148465,37.75399999999995,64.192,29.83237328697828
000001.XSHE,2020-04-03,1522.06,1497.13,1530.37,1492.38,695171.8067235308,1047282375.0,1.0,1524.674,1524.9913333333332,1623.3543423114709,1426.6283243551954,512047.8078480881,40.60399999999991,61.18466666666664,33.72998708770638
000001.XSHE,2020-04-07,1530.37,1529.19,1536.31,1522.06,733043.7316487813,1121200085.0,4.0,1523.25,1518.1053333333334,1596.6929473580008,1439.517719308666,547182.9237256569,39.41799999999989,57.701999999999956,27.91901234281022
000001.XSHE,2020-04-08,1529.19,1517.31,1533.94,1510.19,445327.8011744468,676604852.0,1.0,1522.774,1513.1186666666665,1580.2368672498055,1446.0004660835275,549768.1939013896,36.805999999999905,52.952666666666616,25.840984894003668
000001.XSHE,2020-04-09,1529.19,1512.56,1529.19,1510.19,344115.43872639764,522027869.0,1.0,1519.212,1513.356,1580.4369505852687,1446.2750494147313,530853.3353983762,33.0079999999999,47.411999999999956,24.541677844949618
000001.XSHE,2020-04-10,1514.94,1518.5,1541.06,1503.07,561533.6424102733,853689882.0,1.0,1514.9379999999999,1517.7886666666668,1575.6502990897286,1459.927034243605,555838.4841366863,33.48199999999993,43.691999999999965,21.52367882279532
000001.XSHE,2020-04-13,1504.25,1494.76,1507.82,1481.7,375835.2016377212,562008028.0,3.0,1514.464,1518.3426666666667,1575.0662911058603,1461.619042227473,491971.16311952437,31.34399999999996,42.82066666666662,23.812192775588755
000001.XSHE,2020-04-14,1501.88,1526.81,1526.81,1492.38,577881.7259514935,874856499.0,1.0,1513.988,1523.962,1562.1736617950323,1485.7503382049676,460938.76198006683,30.39399999999996,40.84133333333327,17.4779012157353
000001.XSHE,2020-04-15,1526.81,1528.0,1535.12,1518.5,552868.4155759164,843649247.0,1.0,1516.1259999999997,1526.02,1561.2469280116504,1490.7930719883495,482446.88486036065,28.96799999999994,37.75466666666659,12.806735255165222
000001.XSHE,2020-04-16,1518.5,1505.44,1518.5,1490.01,664690.9501541076,997623766.0,1.0,1514.702,1524.5159999999998,1561.2737527681782,1487.7582472318215,546561.9871459027,32.76599999999994,36.8046666666666,14.248274475867447
000001.XSHE,2020-04-17,1516.13,1530.37,1548.18,1503.07,1121216.1451152335,1713215687.0,1.0,1517.076,1523.1700000000003,1557.2194052810776,1489.120594718923,658498.4876868947,34.18999999999996,35.141999999999946,9.301744251449463
000001.XSHE,2020-04-20,1526.81,1542.25,1548.18,1516.13,689366.6026908736,1058523982.0,3.0,1526.574,1521.904,1550.9283600150065,1492.8796399849934,721204.7678975251,33.23999999999997,35.06266666666661,3.5536956100618227
000001.XSHE,2020-04-21,1579.05,1596.86,1624.17,1579.05,1787688.6671342512,2861879027.0,1.0,1540.5839999999998,1525.9406666666664,1574.0919048744997,1477.789428458833,963166.1561340768,42.738000000000014,37.51666666666662,-11.324486747833589
000001.XSHE,2020-04-22,1587.36,1570.74,1593.3,1562.43,869909.096986134,1368222817.0,1.0,1549.132,1529.344,1582.552660304727,1476.1353396952732,1026574.2924161203,46.3,37.35799999999995,-14.089906175446231
000001.XSHE,2020-04-23,1570.74,1570.74,1579.05,1556.49,544944.7056801252,855052081.0,1.0,1562.192,1532.0353333333335,1589.3888545188395,1474.6818121478275,1002625.0435213238,43.213999999999984,36.329333333333274,-15.115988084243327
000001.XSHE,2020-04-24,1563.62,1571.93,1576.68,1557.68,476732.8188914265,747473748.0,1.0,1570.5040000000001,1534.1726666666664,1595.058207744794,1473.2871255885389,873728.3782765623,37.99199999999996,35.221333333333284,-15.332619694198229
000001.XSHE,2020-04-27,1579.05,1602.8,1618.23,1576.68,789067.756426254,1263809708.0,3.0,1582.614,1541.2173333333335,1607.9102622652633,1474.5244044014037,893668.6090236384,40.84199999999996,35.14199999999996,-21.25137897941363
000001.XSHE,2020-04-28,1596.86,1605.17,1609.92,1576.68,649872.5244055146,1038718039.0,1.0,1584.276,1546.2826666666665,1620.2097281980332,1472.3556051352998,666105.3804778911,31.10599999999995,34.745999999999974,-24.312264438313832
000001.XSHE,2020-04-29,1600.42,1664.53,1671.66,1596.86,933855.831976594,1541638170.0,1.0,1603.034,1556.0973333333334,1649.9457486381973,1462.2489180284695,678894.7274759831,39.18000000000002,38.14933333333332,-37.45143660440908
000001.XSHE,2020-04-30,1664.53,1653.85,1698.96,1647.91,690279.7835353871,1155968186.0,1.0,1619.656,1565.5166666666667,1668.5500378672093,1462.483295466124,707961.7430470355,44.87800000000002,40.28599999999998,-41.3304771761143
000001.XSHE,2020-05-06,1633.66,1634.85,1647.91,1615.86,849857.0933113128,1382727443.0,6.0,1632.2400000000002,1573.2733333333333,1678.6293563265588,1467.9173103401079,782586.5979310127,48.67600000000002,40.28599999999998,-37.9128142939378
000001.XSHE,2020-05-07,1633.66,1625.35,1633.66,1614.67,558219.4678069341,904349501.0,1.0,1636.75,1581.9793333333334,1680.917033346051,1483.0416333206158,736416.9402071489,43.452,39.177999999999976,-32.360310350420605
000001.XSHE,2020-05-08,1633.66,1656.22,1664.53,1624.17,787348.471217592,1297924558.0,1.0,1646.9599999999998,1590.6066666666666,1691.4770187221977,1489.7363146111354,763912.1295695642,44.875999999999976,39.57333333333331,-34.20425345210151
000001.XSHE,2020-05-11,1652.66,1662.16,1677.59,1651.47,516201.5690426914,859156543.0,3.0,1646.486,1599.5506666666665,1700.4215253967773,1498.6798079365558,680381.2769827838,35.139999999999915,40.20666666666664,-35.0922097009111
000001.XSHE,2020-05-12,1656.22,1637.23,1668.1,1628.92,470422.2540510497,772109467.0,1.0,1643.1619999999998,1608.3366666666668,1696.1957472337494,1520.4775860995842,636409.7710859163,32.76599999999989,40.285999999999966,-28.954258775178914
000001.XSHE,2020-05-13,1632.48,1618.23,1632.48,1607.55,539357.1154903815,871062020.0,1.0,1639.8379999999997,1614.194,1690.7664955469245,1537.6215044530754,574309.7755217301,31.103999999999907,39.2573333333333,-20.209026619535962
000001.XSHE,2020-05-14,1608.73,1579.05,1608.73,1569.55,795674.4688261929,1259440826.0,1.0,1630.578,1616.6473333333333,1685.2884157701174,1548.0062508965493,621800.7757255818,36.80399999999995,40.36599999999997,-6.10309841959679
000001.XSHE,2020-05-15,1589.74,1570.74,1593.3,1560.05,637427.690133313,1004313203.0,1.0,1613.482,1614.906,1686.939830861405,1542.872169138595,591816.6195087259,35.38199999999997,37.1213333333333,4.1109054645176
000001.XSHE,2020-05-18,1567.18,1567.18,1583.8,1558.87,536704.9349787517,843479646.0,3.0,1594.486,1614.6686666666667,1687.3467147836416,1541.9906185496918,595917.292695938,35.144000000000005,36.48799999999998,10.639453335896178
000001.XSHE,2020-05-19,1592.11,1586.17,1593.3,1575.49,505680.7630960111,801755634.0,1.0,1584.2740000000001,1615.6973333333333,1686.1122653807067,1545.2824012859598,602968.9945049302,32.53200000000002,36.72533333333331,10.04821237187116
000001.XSHE,2020-05-20,1588.55,1603.98,1617.04,1575.49,581889.0198132147,929928862.0,1.0,1581.424,1617.8339999999998,1684.3968715898277,1551.271128410172,611475.3753694969,34.90599999999999,38.22866666666664,5.574229627361774
000001.XSHE,2020-05-21,1605.17,1590.92,1611.11,1586.17,465205.5288763734,742796989.0,1.0,1583.798,1617.042,1684.6460760394002,1549.4379239605996,545381.5873795331,30.157999999999948,36.804666666666634,5.4529801252581365
000001.XSHE,2020-05-22,1582.61,1533.94,1583.8,1533.94,721187.402375582,1119433464.0,1.0,1576.438,1612.2933333333335,1692.3341074663185,1532.2525592003485,562133.5298279868,34.903999999999954,38.3873333333333,17.025877077145196
000001.XSHE,2020-05-25,1539.87,1538.68,1541.06,1514.94,345478.9923830816,528769331.0,3.0,1570.738,1603.9033333333334,1686.8098406314864,1520.9968260351804,523888.34130885283,35.14199999999992,35.141999999999946,22.07982208753151
000001.XSHE,2020-05-26,1545.81,1548.18,1551.74,1536.31,333722.0168197496,515451827.0,1.0,1563.1399999999999,1596.8586666666667,1679.5339726591449,1514.1833606741886,489496.59205360047,33.00399999999995,32.76733333333329,22.12879742327641
000001.XSHE,2020-05-27,1549.37,1543.43,1565.99,1539.87,406789.1643935908,630305849.0,1.0,1551.0300000000002,1590.7640000000001,1674.9021998516907,1506.6258001483095,454476.6209696758,29.917999999999985,31.97599999999996,22.224916476491217
000001.XSHE,2020-05-28,1554.3,1578.46,1591.74,1549.47,795535.6245961256,1255226954.0,1.0,1548.538,1587.638,1669.7284505321334,1505.5475494678665,520542.64011362626,34.592000000000006,33.8513333333333,14.057031071012716
000001.XSHE,2020-05-29,1571.21,1570.0,1574.83,1561.55,379076.6878980892,594502104.0,1.0,1555.75,1581.89,1654.9808690798939,1508.7991309201063,452120.49721812765,26.57800000000002,32.28799999999998,10.469221623191288
000001.XSHE,2020-06-01,1582.08,1608.65,1617.1,1582.08,731110.7997389116,1173618984.0,3.0,1569.744,1578.322666666667,1638.7494811812337,1517.8958521521001,529246.8586892936,30.774000000000022,33.686666666666646,-0.1119681223376574
000001.XSHE,2020-06-02,1605.03,1636.43,1646.09,1603.82,731513.5294513054,1194375752.0,1.0,1587.394,1578.2693333333332,1638.4743290760275,1518.0643375906388,608805.1612156047,36.14200000000001,33.892666666666656,-12.067163468798753
000001.XSHE,2020-06-03,1647.3,1635.22,1676.28,1630.39,792256.681058206,1308782266.0,1.0,1605.752,1579.4019999999998,1643.3518125541523,1515.4521874458474,685898.6645485278,40.09599999999996,34.973333333333315,-18.28614560970118
000001.XSHE,2020-06-04,1634.01,1638.84,1647.3,1619.52,482794.7060115691,788707604.0,1.0,1617.828,1583.388,1654.31644249159,1512.45955750841,623350.4808316166,35.98999999999997,33.57999999999997,-21.906129124823337
000001.XSHE,2020-06-05,1642.46,1641.26,1643.67,1621.93,317154.09746170626,517232105.0,1.0,1632.08,1588.0893333333336,1664.5570899245429,1511.6215767421243,610965.96274434,36.955999999999946,32.81266666666664,-23.60919746177683
000001.XSHE,2020-06-08,1652.13,1644.88,1672.66,1641.26,485198.009581246,802115754.0,3.0,1639.3260000000002,1593.2693333333334,1674.0708642476213,1512.4678024190455,561783.4047128068,33.81599999999999,33.24399999999998,-24.373104097425767
000001.XSHE,2020-06-09,1647.3,1650.92,1658.16,1634.01,392732.2141593778,646895805.0,1.0,1642.2240000000002,1597.586,1683.5175351394707,1511.6544648605293,494027.1416544213,30.192000000000007,33.112666666666655,-25.061503630828383
000001.XSHE,2020-06-10,1655.75,1629.18,1655.75,1618.31,480648.0094280557,781995727.0,1.0,1641.016,1599.266,1686.7053866139634,1511.8266133860368,431705.4073283913,28.502000000000045,32.83866666666666,-19.889674040695354
000001.XSHE,2020-06-11,1615.9,1579.66,1615.9,1570.0,1117049.686641429,1774199901.0,1.0,1629.1799999999998,1598.5153333333335,1686.4537032674198,1510.5769633992472,558556.4034543632,34.78200000000006,35.12133333333335,-5.727370361422118
000001.XSHE,2020-06-12,1557.93,1568.79,1572.42,1555.51,853328.7074751881,1331618649.0,1.0,1614.6860000000001,1600.8386666666668,1683.1251050100275,1518.552228323306,665791.3254570597,35.26400000000008,32.932666666666684,5.037197216546247
000001.XSHE,2020-06-15,1551.89,1548.26,1566.38,1545.85,546754.0464779818,850767474.0,3.0,1595.362,1601.4773333333333,1681.8219494625428,1521.1327172041238,678102.5328364068,33.572000000000074,32.720666666666695,15.383728419672025
000001.XSHE,2020-06-16,1557.93,1556.72,1567.59,1553.09,594571.0397502442,927043660.0,1.0,1576.522,1602.0466666666666,1680.8794947330884,1523.2138386002448,718470.29795458,32.60800000000004,32.980666666666686,19.01571627067551
000001.XSHE,2020-06-17,1556.72,1551.89,1557.93,1541.02,593248.3874501413,918251074.0,1.0,1561.064,1602.6106666666667,1679.7490541703237,1525.4722791630097,740990.3735589972,28.502000000000045,32.36666666666668,21.34830433914931
000001.XSHE,2020-06-18,1541.02,1541.02,1545.85,1521.69,927111.6818730452,1419971926.0,1.0,1553.3359999999998,1600.1146666666668,1682.8239046605054,1517.4054286728283,703002.7726053204,22.70600000000004,31.159333333333354,24.08405136496117
000001.XSHE,2020-06-19,1537.39,1545.85,1549.47,1522.9,1274756.955720154,1954584849.0,1.0,1548.748,1598.5046666666667,1684.5972125084604,1512.412120824873,787288.4222543135,23.19000000000001,31.803333333333345,23.670151656478083
000001.XSHE,2020-06-22,1538.6,1526.53,1541.02,1524.11,1092225.237630443,1671023245.0,3.0,1544.402,1593.0299999999997,1686.4867704495211,1499.5732295504783,896382.6604848057,22.95,30.112666666666687,26.467453840843064
000001.XSHE,2020-06-23,1527.73,1521.69,1532.56,1512.03,820413.8556473395,1248046609.0,1.0,1537.396,1585.380666666667,1682.3309321099396,1488.4304012233943,941551.2236642248,23.19000000000001,28.66333333333335,28.00473620502089
000001.XSHE,2020-06-24,1526.53,1545.85,1554.3,1521.69,1261259.3459908783,1946329061.0,1.0,1536.1879999999999,1579.4226666666666,1674.206611801036,1484.6387215322973,1075153.4153723721,26.329999999999973,27.77800000000002,22.701286908915336
000001.XSHE,2020-06-29,1560.34,1545.85,1565.17,1534.98,859882.4465504416,1330678223.0,5.0,1537.154,1573.2233333333331,1663.4044452824426,1483.0422213842237,1061707.5683078517,26.327999999999975,27.93866666666669,18.661721198315718
000001.XSHE,2020-06-30,1549.47,1545.85,1554.3,1536.19,776634.628198079,1199181549.0,1.0,1537.154,1566.8626666666667,1649.6319768750866,1484.0933564582467,962083.1028034365,24.635999999999967,27.696666666666683,15.527736150536157
000001.XSHE,2020-07-01,1544.64,1584.5,1588.12,1538.6,1405475.3423792997,2202800782.0,1.0,1548.748,1562.8373333333334,1634.4692836933334,1491.2053829733334,1024733.123753208,30.19199999999996,28.904666666666678,5.000505866392359
000001.XSHE,2020-07-02,1579.66,1621.93,1629.18,1567.59,2145002.673358283,3433511031.0,1.0,1568.7959999999998,1560.9046666666666,1623.3233822055201,1498.485951127813,1289650.8872953965,38.403999999999996,31.40066666666668,-9.146649543791227
000001.XSHE,2020-07-03,1638.84,1720.96,1729.42,1638.84,3120283.490028824,5280917917.0,1.0,1603.818,1567.0233333333333,1665.6292640928423,1468.4174025738243,1661455.7161029857,53.38000000000002,36.070666666666675,-37.64929646874043
000001.XSHE,2020-07-06,1763.23,1893.66,1893.66,1763.23,3901215.398751624,7168653262.0,3.0,1673.3799999999999,1587.9566666666665,1783.6165125605937,1392.2968207727392,2269722.3065432226,81.88200000000002,43.63866666666668,-88.68628648876324
000001.XSHE,2020-07-07,1968.54,1869.51,2007.19,1817.58,3282640.852415874,6267919599.0,1.0,1738.1119999999999,1608.0046666666667,1851.118865213843,1364.8904681194904,2770923.551386781,116.18200000000006,54.66933333333335,-109.73135206341112
000001.XSHE,2020-07-08,1839.32,1903.33,1932.31,1839.32,2178807.8073691903,4095447680.0,1.0,1801.878,1631.676,1915.5816404411228,1347.770359558877,2925590.0443847594,124.87600000000006,59.33933333333334,-124.48133397931383
000001.XSHE,2020-07-09,1891.25,1875.55,1891.25,1848.98,1858082.0495321376,3469517253.0,1.0,1852.602,1652.9313333333332,1959.6129888345245,1346.249677832142,2868205.9196195304,123.42800000000003,61.67400000000001,-122.11126784778594
000001.XSHE,2020-07-10,1853.81,1794.63,1869.51,1782.56,1787522.294846291,3254272273.0,1.0,1867.336,1669.114,1978.550683096419,1359.677316903581,2601653.6805830235,120.52800000000002,66.74600000000001,-98.78242644407032
000001.XSHE,2020-07-13,1775.31,1798.26,1821.2,1752.36,1604010.6892218038,2871414779.0,3.0,1848.256,1686.263333333333,1993.782361749617,1378.7443049170492,2142212.7386770593,99.75600000000004,69.32200000000002,-81.81425119006644
000001.XSHE,2020-07-14,1799.46,1772.9,1832.07,1758.4,1617602.8540808847,2891773719.0,1.0,1828.934,1701.4,2001.5623668235964,1401.2376331764037,1809205.1390100617,76.56799999999998,72.462,-63.223888492311744
000001.XSHE,2020-07-15,1784.97,1723.38,1793.43,1719.76,1691293.6682565652,2947173093.0,1.0,1792.944,1714.5233333333335,1998.7070455102762,1430.3396211563909,1711702.311187537,72.704,75.924,-39.42851489810823
000001.XSHE,2020-07-16,1727.0,1708.89,1754.78,1705.26,1598820.2488164827,2771496310.0,1.0,1759.6120000000003,1727.0033333333333,1990.5896552922136,1463.417011374453,1659849.9510444058,71.73800000000001,77.85666666666667,-20.88627551406853
000001.XSHE,2020-07-17,1711.3,1707.68,1720.96,1684.73,1069267.117961211,1821043885.0,1.0,1742.2220000000002,1737.7920000000001,1982.1471589914067,1493.4368410085935,1516198.91566739,60.38600000000001,78.09800000000001,-8.947624393625802
000001.XSHE,2020-07-20,1718.55,1778.93,1783.76,1702.85,1639187.2693135762,2872758010.0,3.0,1738.3560000000002,1753.3306666666665,1973.8572470492584,1532.8040862840746,1523234.2316857441,62.8,81.47933333333336,-16.45434355696625
000001.XSHE,2020-07-21,1772.9,1749.95,1772.9,1740.29,1037407.6562187492,1815570242.0,1.0,1733.766,1766.9373333333335,1955.4639403932542,1578.4107262734128,1407195.192113317,55.794000000000054,82.84800000000003,-14.110165420707972
000001.XSHE,2020-07-22,1749.95,1740.29,1768.06,1724.59,1087154.343241644,1895447189.0,1.0,1737.148,1777.3233333333333,1937.8640716730733,1616.7825949935932,1286367.327110333,49.75400000000004,82.4446666666667,-10.142304615361127
000001.XSHE,2020-07-23,1719.76,1691.98,1725.8,1669.03,1678836.8195841557,2838535112.0,1.0,1733.766,1781.9933333333333,1926.429095953994,1637.5575707126727,1302370.6412638675,54.10200000000005,83.08933333333336,2.6594602133977787
000001.XSHE,2020-07-24,1687.15,1630.39,1688.36,1621.93,1516013.5918399892,2504647058.0,1.0,1718.3080000000002,1775.9553333333336,1937.8437910294901,1614.066875637177,1391719.9360396233,60.86600000000003,80.59333333333335,22.847595521282074
000001.XSHE,2020-07-27,1650.92,1598.99,1652.13,1583.29,1557223.354742681,2497551435.0,3.0,1682.3200000000002,1756.3106666666667,1928.1920221695996,1584.429311163734,1375327.1531254442,58.45200000000004,73.66933333333336,40.21369130416133
000001.XSHE,2020-07-28,1611.06,1611.06,1620.73,1592.95,1007710.4527453972,1618089499.0,1.0,1654.5420000000001,1739.0806666666665,1914.116805705224,1564.044527628109,1369387.7124307738,56.280000000000015,62.880666666666684,46.15376003983397
000001.XSHE,2020-07-29,1612.27,1635.22,1646.09,1597.78,1258246.575995891,2043847427.0,1.0,1633.528,1721.2066666666667,1878.1859840789905,1564.227349254343,1403606.1589816231,57.248000000000005,59.902000000000015,42.66239346731663
000001.XSHE,2020-07-30,1630.39,1614.69,1631.6,1614.69,798270.2041878009,1294444880.0,1.0,1618.0700000000002,1703.816,1844.463662882418,1563.168337117582,1227492.8359023524,47.102,57.64733333333335,43.12524657221002
000001.XSHE,2020-07-31,1603.82,1611.06,1634.01,1600.2,965331.2403014164,1559068211.0,1.0,1614.2040000000002,1691.5780000000002,1830.2926516517182,1552.8633483482822,1117356.3655946376,39.854,53.70200000000001,42.354608942888945
000001.XSHE,2020-08-03,1626.76,1641.26,1643.67,1624.35,1196567.6791002036,1954607201.0,3.0,1622.658,1681.1113333333335,1808.5629783637235,1553.6596883029436,1045225.2304661421,32.60799999999999,51.286666666666676,33.84862828649807
000001.XSHE,2020-08-04,1649.71,1695.6,1708.89,1627.97,2025069.617834395,3388509960.0,1.0,1639.566,1675.9579999999999,1793.358579020232,1558.5574209797678,1248697.0634839416,43.23600000000001,51.770000000000024,16.155613391665838
000001.XSHE,2020-08-05,1669.03,1661.79,1671.45,1644.88,1192524.2250825912,1980352883.0,1.0,1644.8799999999999,1671.8519999999999,1786.4184291891074,1557.2855708108923,1235552.5933012818,43.71799999999998,50.24000000000001,12.205287478360788
000001.XSHE,2020-08-06,1669.03,1678.7,1685.94,1648.5,1119910.091141955,1868047270.0,1.0,1657.682,1669.8393333333333,1782.6646758428105,1557.0139908238561,1299880.5706921124,47.1,49.43466666666668,5.869460384001286
000001.XSHE,2020-08-07,1666.62,1654.54,1677.49,1644.88,818651.4680817628,1356305734.0,1.0,1666.378,1666.2966666666666,1777.353085961845,1555.2402473714883,1270544.6162481818,47.102,49.27400000000001,6.962333729624561
000001.XSHE,2020-08-10,1650.92,1684.73,1693.19,1646.09,1314671.5556795448,2208568222.0,3.0,1675.0720000000001,1660.0166666666667,1752.9518098477847,1567.0815234855486,1294165.3915640502,50.0,47.02000000000001,1.0201626091704838
000001.XSHE,2020-08-11,1687.15,1706.47,1768.06,1687.15,2155603.550604464,3748036767.0,1.0,1677.2459999999999,1657.118,1740.2240710177036,1574.0119289822962,1320272.1781180638,50.48199999999997,49.99933333333333,-7.017777319809738
000001.XSHE,2020-08-12,1716.13,1736.66,1749.95,1710.1,1322203.0184376913,2287731046.0,1.0,1692.22,1656.8760000000002,1738.9589482205108,1574.7930517794896,1346207.936789084,49.03400000000001,50.0,-17.703751556722864
000001.XSHE,2020-08-13,1739.08,1712.51,1741.5,1707.68,693272.5052700422,1190139692.0,1.0,1698.982,1658.2446666666665,1743.4610111306786,1573.0283222026544,1260880.4196147013,48.30999999999999,47.504,-18.168330213391982
000001.XSHE,2020-08-14,1702.85,1747.53,1752.36,1698.02,913491.3575160368,1578543564.0,1.0,1717.5800000000004,1666.0539999999999,1761.2194075206492,1570.8885924793506,1279848.3975015562,52.41399999999999,46.45666666666666,-24.97815400422428
000001.XSHE,2020-08-17,1763.23,1834.49,1853.81,1759.61,2706003.3311710623,4923669060.0,3.0,1747.532,1681.7540000000001,1803.4953508338776,1560.0126491661226,1558114.7525998596,64.24999999999996,48.95266666666665,-46.02646146536722
000001.XSHE,2020-08-18,1835.7,1829.66,1846.56,1803.09,1118048.4051681736,2033477659.0,1.0,1772.17,1696.3273333333334,1833.1965725919722,1559.4580940746946,1350603.7235126016,56.27799999999998,49.99866666666665,-55.38062158997673
000001.XSHE,2020-08-19,1824.83,1823.62,1852.6,1807.92,1176559.1241596383,2154215043.0,1.0,1789.562,1708.8873333333331,1855.9239401390978,1561.8507265275684,1321474.944656991,56.51799999999994,49.756666666666646,-57.27135576308319
000001.XSHE,2020-08-20,1812.75,1762.03,1827.24,1754.78,1104416.0428596565,1962604964.0,1.0,1799.466,1718.71,1858.27351017164,1579.14648982836,1403703.6521749138,64.24599999999995,53.21866666666665,-43.15672754060006
000001.XSHE,2020-08-21,1776.52,1745.12,1776.52,1730.63,1022207.9971577886,1787278559.0,1.0,1798.984,1727.6473333333333,1854.232971757442,1601.0616949092246,1425446.980103264,62.55599999999995,54.02399999999998,-29.602080763293543
000001.XSHE,2020-08-24,1751.16,1746.33,1776.52,1740.29,761325.0073010257,1338031941.0,3.0,1781.352,1734.6519999999998,1852.0451414886434,1617.2588585113563,1036511.3153292568,48.54599999999996,54.2653333333333,-20.71386677806072
000001.XSHE,2020-08-25,1758.4,1763.23,1774.1,1746.33,619629.9518497302,1090756811.0,1.0,1768.066,1739.1606666666667,1855.3141932638118,1623.0071400695215,936827.6246655682,45.40599999999995,50.721999999999966,-18.18683083758924
000001.XSHE,2020-08-26,1763.23,1735.46,1763.23,1724.59,607864.5961301326,1057274144.0,1.0,1750.434,1744.0720000000001,1852.1545121839858,1635.9894878160144,823088.719059667,44.198,49.91666666666665,-10.169525254081464
000001.XSHE,2020-08-27,1739.08,1746.33,1746.33,1708.89,518892.5289034719,895618597.0,1.0,1747.2939999999999,1748.5806666666665,1850.4392269960883,1646.7221063372447,705984.0162684302,37.19399999999996,49.916666666666636,-7.3336167781149015
000001.XSHE,2020-08-28,1722.17,1827.24,1833.28,1722.17,1995871.7590464307,3599035631.0,1.0,1763.718,1760.094,1855.2155360323025,1664.9724639676976,900716.7686461586,50.237999999999964,55.0693333333333,-22.23001946804652
000001.XSHE,2020-08-31,1847.77,1821.2,1892.46,1811.54,1488073.566878981,2760350258.0,3.0,1778.6919999999998,1769.192,1859.399664926161,1678.984335073839,1046066.4805617497,59.17599999999997,57.32399999999996,-28.735003559337883
000001.XSHE,2020-09-01,1806.71,1828.45,1838.11,1797.05,673715.716590555,1228342702.0,1.0,1791.736,1777.3239999999998,1865.2631019155665,1689.3848980844332,1056883.6335099149,61.83399999999997,54.505999999999965,-32.84270246428537
000001.XSHE,2020-09-02,1812.75,1850.19,1875.55,1812.75,1390568.6918640789,2575966567.0,1.0,1814.682,1784.8926666666666,1877.2632279840989,1692.5221053492344,1213424.4526567038,66.66599999999994,55.79399999999996,-38.39958088949311
000001.XSHE,2020-09-03,1850.19,1799.46,1850.19,1792.22,1059741.861447323,1919266685.0,1.0,1825.3080000000002,1790.6893333333333,1874.0680882384422,1707.3105784282243,1321594.3191654743,70.77199999999998,57.40399999999997,-29.472360767135342
000001.XSHE,2020-09-04,1778.93,1806.71,1818.79,1763.23,753412.795634053,1353550736.0,1.0,1821.202,1794.6346666666666,1874.7996885605112,1714.469644772822,1073102.5264829986,59.66199999999999,57.4853333333333,-24.547217330462672
000001.XSHE,2020-09-07,1797.05,1804.3,1840.53,1792.22,854001.9641966412,1551971338.0,3.0,1817.8220000000001,1792.6219999999998,1869.964866029885,1715.2791339701148,946288.2059465306,53.139999999999965,53.62066666666663,-20.149332936967767
000001.XSHE,2020-09-08,1811.54,1863.47,1863.47,1811.54,1165530.6653715917,2154220735.0,1.0,1824.8260000000002,1794.876,1878.5558903304538,1711.196109669546,1044651.1957027379,56.761999999999986,54.6673333333333,-29.07142816838882
000001.XSHE,2020-09-09,1842.94,1836.9,1879.17,1827.24,839263.4394904457,1554005536.0,1.0,1822.1680000000001,1795.7613333333334,1881.0108427133077,1710.511823953359,934390.1452280113,54.58800000000001,55.15066666666665,-27.52925754636817
000001.XSHE,2020-09-10,1850.19,1852.6,1869.51,1835.7,792495.7324840766,1469402729.0,1.0,1832.7959999999998,1801.7993333333332,1889.6012947389268,1713.9973719277396,880940.919435362,49.75599999999999,52.57399999999998,-28.753438952424176
000001.XSHE,2020-09-11,1833.28,1812.75,1845.36,1791.01,790128.3872569301,1431843986.0,1.0,1834.0040000000001,1806.308,1888.3960966488523,1724.2199033511477,888284.0377599376,50.96199999999999,53.62066666666665,-19.967401482939295
000001.XSHE,2020-09-14,1812.75,1847.77,1847.77,1801.88,563264.9247471276,1027508063.0,3.0,1842.6979999999999,1813.0706666666667,1890.567812592627,1735.5735207407065,830136.6298700348,50.47799999999997,54.264666666666635,-21.306071230617363
000001.XSHE,2020-09-15,1835.7,1853.81,1868.3,1829.66,544122.1888974598,1007999007.0,1.0,1840.766,1819.1093333333336,1894.0358601891123,1744.1828064775548,705854.9345752082,46.371999999999936,54.9893333333333,-22.45754228215378
000001.XSHE,2020-09-16,1850.19,1864.68,1876.76,1836.9,598177.8664435721,1114667794.0,1.0,1846.3220000000001,1827.724,1890.0943981068203,1765.3536018931795,657637.8199658336,43.9579999999999,55.07066666666662,-24.458086133793586
000001.XSHE,2020-09-17,1876.76,1880.38,1898.5,1867.1,818269.1705931779,1543414449.0,1.0,1851.878,1836.6606666666667,1886.1291094021133,1787.19222393122,662792.5075876539,43.9599999999999,54.82933333333329,-27.87681645834232
000001.XSHE,2020-09-18,1886.42,1940.76,1943.18,1874.34,1137035.5510212493,2186759026.0,1.0,1877.48,1844.2286666666666,1916.8406428007652,1771.616690532568,732173.9403405177,45.40999999999995,52.011333333333305,-41.28870846189807
000001.XSHE,2020-09-21,1932.31,1915.4,1938.35,1898.5,742045.7961783439,1418370924.0,3.0,1891.0059999999999,1850.5086666666664,1930.5036843210655,1770.5136490122673,767930.114626761,44.68399999999997,49.43399999999997,-42.10861594472658
000001.XSHE,2020-09-22,1892.46,1880.38,1909.36,1858.64,718526.2127867771,1354536234.0,1.0,1896.3200000000002,1853.9706666666668,1934.368143694151,1773.5731896391826,802810.9194046245,48.30799999999999,50.480666666666636,-33.536536312012686
000001.XSHE,2020-09-23,1882.8,1887.63,1910.57,1873.13,496151.0465504362,939763235.0,1.0,1900.9099999999999,1856.4666666666667,1938.6656363045386,1774.2676970287948,782405.5554259972,47.82399999999998,48.789999999999964,-28.649217513262556
000001.XSHE,2020-09-24,1882.8,1826.03,1884.0,1826.03,878541.1981183222,1623376128.0,1.0,1890.0400000000002,1858.238,1936.2085318694442,1780.267468130556,794459.9609310261,53.38000000000002,49.03199999999997,-11.771230817605328
000001.XSHE,2020-09-25,1835.7,1834.49,1848.98,1826.03,508477.3610104172,933035018.0,1.0,1868.786,1860.0900000000001,1934.0307052016572,1786.1492947983431,668748.3229288596,44.202,46.857999999999976,-3.1977706277386915
000001.XSHE,2020-09-28,1834.49,1848.98,1856.23,1809.13,507342.7862929831,932800691.0,3.0,1855.502,1863.0686666666668,1930.7087198333008,1795.4286135000327,621807.7209517875,45.16999999999998,46.77733333333331,-1.0820950741606339
000001.XSHE,2020-09-29,1858.64,1787.39,1859.85,1783.76,979038.6429374675,1766848437.0,1.0,1836.904,1857.9966666666667,1936.1071022843546,1779.8862310489787,673910.2069819255,49.035999999999966,47.905333333333296,13.028386293516405
000001.XSHE,2020-09-30,1787.39,1832.07,1844.15,1787.39,1007758.7488469324,1838547540.0,1.0,1825.792,1857.6746666666666,1936.1965616538926,1779.1527716794405,776231.747441225,52.9,48.22733333333329,11.4083176624315
000001.XSHE,2020-10-09,1847.77,1833.28,1875.55,1828.45,745571.9333653344,1376995864.0,9.0,1827.2420000000002,1856.3866666666665,1935.892949137833,1776.8803841955,749637.8944906273,49.99999999999996,49.113333333333294,9.735847725030908
000001.XSHE,2020-10-12,1838.11,1920.23,1937.14,1838.11,1317677.2157501965,2509002809.0,3.0,1844.39,1863.5520000000001,1945.5381553469583,1781.565844653042,911477.8654385831,66.18199999999997,51.931333333333306,-9.7600033936626
000001.XSHE,2020-10-13,1920.23,1939.56,1945.6,1905.74,752521.2429623212,1453986296.0,1.0,1862.506,1869.6713333333332,1959.8972478453406,1779.4454188213258,960513.5567724507,64.73399999999997,51.529333333333305,-24.75299973816459
000001.XSHE,2020-10-14,1937.14,1935.93,1945.6,1909.36,548620.0906024495,1057937781.0,1.0,1892.214,1875.146,1971.0351535055158,1779.256846494484,874429.8463054473,56.76399999999999,51.369333333333316,-31.71128928336725
000001.XSHE,2020-10-15,1956.46,1999.94,2042.21,1950.43,1324896.878906367,2654379488.0,1.0,1925.788,1884.1633333333332,1999.335099384057,1768.9915672826094,937857.4723173343,66.66799999999998,55.79733333333332,-47.7844044645949
000001.XSHE,2020-10-16,1999.94,2065.16,2097.77,1999.94,1735218.2688024184,3589229474.0,1.0,1972.164,1896.4820000000002,2044.7049126687398,1748.2590873312606,1135786.739404751,76.814,60.06466666666665,-68.7568714676197
000001.XSHE,2020-10-19,2089.31,2111.05,2184.72,2089.31,1669386.5763482624,3571335933.0,3.0,2010.328,1907.8346666666666,2092.2571251482354,1723.4122081850978,1206128.611524364,79.95399999999995,63.44599999999998,-87.68635757490028
000001.XSHE,2020-10-20,2111.05,2118.3,2124.33,2084.48,794962.0176556673,1673173270.0,1.0,2046.0760000000002,1921.3613333333335,2135.52723216169,1707.1954345049771,1214616.7664630334,79.95199999999996,63.2853333333333,-96.58537623852635
000001.XSHE,2020-10-21,2130.37,2162.98,2173.85,2092.93,1030525.922569788,2204040303.0,1.0,2091.486,1940.2013333333334,2186.26203384287,1694.140632823797,1310997.9328565008,88.88799999999996,64.89599999999997,-107.06041311570334
000001.XSHE,2020-10-22,2166.6,2120.71,2234.23,2089.31,1565392.8825723457,3342068933.0,1.0,2115.6400000000003,1955.74,2216.5674856244045,1694.9125143755955,1359097.1335896966,96.61599999999999,72.06133333333332,-99.90375074756867
000001.XSHE,2020-10-23,2117.09,2189.55,2264.43,2117.09,1406397.1473590457,3105623868.0,1.0,2140.518,1979.9746666666667,2256.2463064775893,1703.7030268557442,1293332.9093010223,106.51799999999994,77.77733333333329,-105.90804141834178
000001.XSHE,2020-10-26,2198.0,2137.62,2208.87,2107.43,973421.3377494598,2085800551.0,3.0,2145.832,2000.1833333333334,2275.1905935665122,1725.1760731001546,1154139.8615812617,102.89399999999996,83.00999999999996,-94.17895925052835
000001.XSHE,2020-10-27,2173.85,2144.87,2173.85,2117.09,856888.721460974,1839243111.0,1.0,2151.1459999999997,2019.9093333333333,2290.852940272046,1748.9657263946203,1166525.202342323,106.27599999999993,83.65399999999995,-84.9232880171985
000001.XSHE,2020-10-28,2144.87,2129.17,2160.57,2088.1,998453.1657876072,2125604484.0,1.0,2144.384,2042.6946666666668,2285.900408594514,1799.4889247388196,1160110.6509858868,104.58599999999997,83.41266666666664,-72.71484279703918
000001.XSHE,2020-10-29,2118.3,2146.07,2164.19,2095.35,701008.6022357144,1498040899.0,1.0,2149.4559999999997,2063.628,2281.915004940108,1845.3409950598925,987233.7949185607,89.36999999999998,84.21799999999999,-66.08429796873634
000001.XSHE,2020-10-30,2142.45,2143.66,2216.12,2129.17,834482.5088866706,1813064296.0,1.0,2140.278,2084.32,2264.5538122709586,1904.086187729042,872850.8672240855,77.292,86.87466666666664,-58.96088440352878
000001.XSHE,2020-11-02,2131.58,2129.17,2179.89,2092.93,801901.3991367526,1702741388.0,3.0,2138.588,2098.249333333333,2254.883934777372,1941.6147318892945,838546.8795015442,74.396,85.74799999999998,-49.33010630701119
000001.XSHE,2020-11-03,2138.83,2169.02,2214.91,2138.83,793139.0766336869,1727488435.0,1.0,2143.418,2113.5466666666666,2246.8416681090807,1980.2516652242525,825796.9505360868,80.19200000000001,88.80666666666663,-49.95881465458342
000001.XSHE,2020-11-04,2216.12,2212.5,2231.82,2169.02,1033070.8031638416,2275824901.0,1.0,2160.084,2131.9846666666667,2232.4566032934363,2031.5127300398972,832720.4780113336,78.258,90.57733333333331,-57.30227724672659
000001.XSHE,2020-11-05,2218.53,2137.62,2231.82,2118.3,1183634.1959749628,2558562395.0,1.0,2158.3940000000002,2141.1633333333334,2210.1630835054866,2072.16358316118,929245.5967591833,87.19399999999996,91.05999999999997,-43.598368873530035
000001.XSHE,2020-11-06,2138.83,2130.37,2142.45,2079.65,702814.52329877,1486492149.0,1.0,2155.736,2145.510666666667,2200.853440342237,2090.1678929910972,902911.9996416031,82.36399999999995,88.72466666666664,-32.277406952767706
000001.XSHE,2020-11-09,2134.0,2154.53,2173.85,2118.3,787799.1246350711,1688807336.0,3.0,2160.808,2148.4093333333335,2200.474281491157,2096.34438517551,900091.5447412668,76.08199999999988,84.45733333333328,-29.36195387595808
000001.XSHE,2020-11-10,2173.85,2187.13,2231.82,2165.4,845466.4757010327,1854142752.0,1.0,2164.43,2152.998,2205.817195753157,2100.178804246843,910557.024554736,74.39199999999991,86.95333333333329,-33.22952483632116
000001.XSHE,2020-11-11,2198.0,2150.9,2198.0,2127.96,778449.1082802545,1677811446.0,1.0,2152.1099999999997,2152.192666666667,2204.7271965177747,2099.658136815559,859632.6855780187,75.83999999999988,86.22799999999994,-26.553127695019157
000001.XSHE,2020-11-12,2150.9,2132.79,2162.98,2108.63,560787.1192194264,1197284137.0,1.0,2151.1440000000002,2152.998,2203.806170434168,2102.189829565832,735063.2702269113,64.00599999999986,80.18999999999993,-17.77926570863383
000001.XSHE,2020-11-13,2103.8,2074.82,2103.8,2016.85,1067479.791018016,2191491921.0,1.0,2140.034,2145.349333333333,2206.137878056282,2084.5607886103844,807996.3237707604,74.63399999999993,78.09666666666662,0.15670652128346774
000001.XSHE,2020-11-16,2062.74,2097.77,2103.8,2042.21,629177.5895355545,1308190417.0,3.0,2128.682,2142.692666666667,2208.226839417265,2077.1584939160684,776272.0167508571,75.84200000000001,75.43999999999997,5.831577550348811
000001.XSHE,2020-11-17,2098.97,2153.32,2165.4,2094.14,706247.0849664705,1509511523.0,1.0,2121.92,2143.256,2209.015272154547,2077.496727845453,748428.1386039447,74.63600000000005,76.40666666666667,-2.6739800806276435
000001.XSHE,2020-11-18,2147.28,2229.4,2231.82,2144.87,1137211.847133758,2508632583.0,1.0,2137.6200000000003,2149.938,2228.6556201731514,2071.220379826849,820180.6863746454,78.01800000000011,77.372,-23.374139528671094
000001.XSHE,2020-11-19,2245.1,2276.5,2292.2,2211.29,1003353.2484076436,2270476405.0,1.0,2166.362,2158.633333333333,2260.8326751447025,2056.433991521964,908693.9122122887,83.33000000000011,78.17666666666665,-44.28781005966812
000001.XSHE,2020-11-20,2274.09,2277.71,2293.41,2237.86,558024.0206171987,1265262868.0,1.0,2206.94,2167.57,2286.2695737145277,2048.8704262854726,806802.7581321255,71.25200000000004,76.0833333333333,-54.8942091169306
000001.XSHE,2020-11-23,2276.5,2369.5,2369.5,2271.67,965355.3374129564,2252290507.0,3.0,2261.286,2183.592,2339.214398718398,2027.9696012816019,874038.3077076059,78.5,76.80799999999996,-77.9169331871285
000001.XSHE,2020-11-24,2369.5,2338.1,2370.7,2316.36,561850.6992857449,1313496094.0,1.0,2298.242,2194.864,2369.317159951759,2020.410840048241,845159.0305714607,75.1159999999999,74.71466666666662,-81.55865001194661
000001.XSHE,2020-11-25,2352.59,2301.87,2379.16,2300.66,457551.94863306783,1068351913.0,1.0,2312.736,2200.822,2383.754818769264,2017.8891812307359,709227.0508713226,73.42599999999985,75.76133333333328,-72.73679107592625
000001.XSHE,2020-11-26,2300.66,2355.0,2368.29,2300.66,529654.7770700637,1240074317.0,1.0,2328.436,2215.314,2410.799877136973,2019.828122863027,614487.3566038066,70.7699999999999,72.70199999999996,-75.6287570684176
000001.XSHE,2020-11-27,2415.39,2379.16,2415.39,2340.51,624142.4620454275,1479430591.0,1.0,2348.7259999999997,2231.9,2438.4050301705174,2025.3949698294828,627711.0448894524,74.63599999999988,73.50733333333328,-79.19787235285321
000001.XSHE,2020-11-30,2403.31,2383.99,2519.25,2365.87,1309472.137886485,3213680382.0,3.0,2351.624,2247.197333333333,2462.92882735401,2031.4658393126563,696534.4049841582,85.74599999999991,80.02933333333331,-78.9861949207384
000001.XSHE,2020-12-01,2379.16,2421.43,2475.77,2348.97,1046393.5050775786,2516010711.0,1.0,2368.29,2262.8173333333334,2493.331939559972,2032.3027271066949,793442.9661425248,100.23800000000001,83.32999999999998,-83.3716249636409
000001.XSHE,2020-12-02,2406.93,2370.7,2422.63,2358.63,736435.0955414012,1758639100.0,1.0,2382.0559999999996,2277.4706666666666,2505.4254369256428,2049.5158964076904,849219.5955241915,97.33800000000001,82.92733333333332,-71.887224781849
000001.XSHE,2020-12-03,2388.82,2359.83,2398.48,2315.15,591585.4794625035,1393084980.0,1.0,2383.022,2292.6066666666666,2509.260378206125,2075.952955127208,861605.7360026796,100.47799999999998,84.85933333333332,-59.92810697656023
000001.XSHE,2020-12-04,2351.38,2330.85,2351.38,2292.2,738063.4317952676,1707638980.0,1.0,2373.3599999999997,2309.675333333333,2490.1092050136185,2129.2414616530477,884389.9299526475,99.02800000000006,81.63866666666667,-44.417450466118225
000001.XSHE,2020-12-07,2332.06,2283.75,2340.51,2257.18,723532.4120415983,1655173371.0,3.0,2353.312,2322.074,2460.854078603368,2183.293921396632,767201.9847836702,85.01800000000011,83.08800000000001,-23.706340398938664
000001.XSHE,2020-12-08,2284.96,2259.6,2295.83,2239.07,595885.6784386617,1345951622.0,1.0,2320.946,2329.1593333333335,2438.8103963773415,2219.5082702893255,677100.4194558868,71.01000000000003,82.12133333333331,-5.605845343128294
000001.XSHE,2020-12-09,2269.26,2259.6,2300.66,2255.97,560755.9891131175,1277484380.0,1.0,2298.7259999999997,2331.1726666666664,2433.8615425329504,2228.4837908003824,641964.59817023,67.14800000000005,79.30399999999996,5.186353662058082
000001.XSHE,2020-12-10,2262.01,2252.35,2280.13,2228.2,503328.5035629452,1130916212.0,1.0,2277.2299999999996,2329.5626666666662,2436.5907659055156,2222.534567427817,624313.2029903184,60.86800000000012,77.372,12.776121679164135
000001.XSHE,2020-12-11,2259.6,2236.65,2269.26,2200.42,735114.7868463995,1642392262.0,1.0,2258.3900000000003,2326.825333333333,2441.373163360025,2212.2775033066414,623723.4740005449,61.11000000000013,78.25800000000002,19.941981285844577
000001.XSHE,2020-12-14,2246.31,2280.13,2300.66,2236.65,692219.7453653957,1575395975.0,3.0,2257.666,2320.8673333333336,2435.199030342372,2206.535636324295,617460.9406653043,57.246,76.00333333333334,14.232816836164147
000001.XSHE,2020-12-15,2270.47,2263.22,2274.09,2193.17,653194.0182571734,1458268582.0,1.0,2258.3900000000003,2315.875333333333,2433.474566291695,2198.276100374971,628922.6086290067,63.28600000000006,78.17800000000004,13.83235353901091
000001.XSHE,2020-12-16,2270.47,2295.83,2305.49,2243.9,570569.9354917394,1302133767.0,1.0,2265.636,2315.4726666666666,2433.3185254258133,2197.62680790752,630885.397904731,66.66599999999998,77.05066666666669,6.228651884878673
000001.XSHE,2020-12-17,2283.75,2288.58,2301.87,2247.52,568141.4654501918,1294658258.0,1.0,2272.882,2311.0446666666667,2427.508591397991,2194.5807419353423,643847.9902821804,67.1499999999999,76.16533333333334,3.0440487580981426
000001.XSHE,2020-12-18,2294.62,2217.33,2306.7,2201.63,876674.2054633275,1959764030.0,1.0,2269.018,2300.256,2419.6237036484304,2180.8882963515694,672159.8740055659,74.39599999999982,78.17800000000001,15.903278235889047
000001.XSHE,2020-12-21,2210.08,2207.67,2251.14,2177.47,750917.6951265361,1662649764.0,3.0,2254.5260000000003,2288.501333333333,2407.2549464192766,2169.7477202473897,683899.463957794,76.32799999999989,72.864,24.754358838104963
000001.XSHE,2020-12-22,2217.33,2161.77,2249.93,2159.36,851819.3147282089,1873638697.0,1.0,2234.236,2271.190666666667,2382.3589880708455,2160.022345262488,723624.5232520011,77.04999999999981,70.44866666666664,38.44855757114328
000001.XSHE,2020-12-23,2169.02,2173.85,2182.3,2148.49,621088.3915633555,1345650705.0,1.0,2209.8399999999997,2258.0673333333334,2365.297599174625,2150.837067492042,733728.2144663243,71.49399999999996,68.43599999999999,42.31815026661798
000001.XSHE,2020-12-24,2191.97,2205.25,2231.82,2181.1,524097.81203945127,1155767251.0,1.0,2193.174,2247.762,2342.0036144659875,2153.520385534013,724919.4837841762,72.21800000000003,66.74533333333335,36.27048974453555
000001.XSHE,2020-12-25,2205.25,2178.68,2205.25,2150.9,477835.4398075899,1038128166.0,1.0,2185.4440000000004,2237.617333333333,2326.1129824489462,2149.12168421772,645151.7306530287,62.07400000000007,65.86,36.7668340339651
000001.XSHE,2020-12-28,2176.27,2276.5,2277.71,2170.23,1051869.74522293,2352947261.0,3.0,2199.21,2237.1339999999996,2324.623288095408,2149.644711904591,705342.1406723075,68.83600000000006,67.46999999999998,15.145250118050626
000001.XSHE,2020-12-29,2278.92,2315.15,2329.64,2259.6,797462.560525236,1837947184.0,1.0,2229.886,2240.8373333333334,2336.7038615205975,2144.9708051460693,694470.7898317128,64.7300000000001,68.35533333333333,-6.150475921152065
000001.XSHE,2020-12-30,2294.62,2318.77,2318.77,2260.8,810219.3490514365,1854082767.0,1.0,2258.87,2244.782,2348.504743393895,2141.0592566061055,732296.9813293291,69.56199999999998,69.24066666666664,-19.07087961397201
